{"cameraMode":{"drawMode":0,"name":"Shaded","section":"Shading Mode"},"sceneLighting":true,"audioPlay":false,"sceneViewState":{"showFog":true,"showMaterialUpdate":false,"showSkybox":true,"showFlares":true,"showImageEffects":true,"showParticleSystems":true},"in2DMode":false,"pivot":{"x":-6.894318580627441,"y":-3.0280046463012697,"z":64.90569305419922},"rotation":{"x":0.04823294281959534,"y":-0.04911210015416145,"z":0.0023745375219732525,"w":0.9976251721382141},"size":102.93798065185547,"orthographic":false}