{"cameraMode":{"drawMode":0,"name":"Shaded","section":"Shading Mode"},"sceneLighting":true,"audioPlay":false,"sceneViewState":{"showFog":true,"showMaterialUpdate":false,"showSkybox":true,"showFlares":true,"showImageEffects":true,"showParticleSystems":true},"in2DMode":false,"pivot":{"x":0.7143277525901794,"y":1.7423863410949708,"z":-1.3401391506195069},"rotation":{"x":0.18343472480773927,"y":0.014745036140084267,"z":-0.0027515559922903778,"w":0.9829190373420715},"size":20.346189498901368,"orthographic":false}